<PAMDataset>
  <PAMRasterBand band="1">
    <Histograms>
      <HistItem>
        <HistMin>-0.4</HistMin>
        <HistMax>4.4</HistMax>
        <BucketCount>5</BucketCount>
        <IncludeOutOfRange>0</IncludeOutOfRange>
        <Approximate>0</Approximate>
        <HistCounts>388|38|1598|9200|662</HistCounts>
      </HistItem>
    </Histograms>
    <Metadata>
      <MDI key="STATISTICS_MAXIMUM">4</MDI>
      <MDI key="STATISTICS_MEAN">2.8169274777049</MDI>
      <MDI key="STATISTICS_MINIMUM">0</MDI>
      <MDI key="STATISTICS_STDDEV">0.68059039109791</MDI>
      <MDI key="STATISTICS_VALID_PERCENT">65.71</MDI>
    </Metadata>
  </PAMRasterBand>
</PAMDataset>
