<PAMDataset>
  <PAMRasterBand band="1">
    <Histograms>
      <HistItem>
        <HistMin>0.625</HistMin>
        <HistMax>4.375</HistMax>
        <BucketCount>4</BucketCount>
        <IncludeOutOfRange>0</IncludeOutOfRange>
        <Approximate>0</Approximate>
        <HistCounts>5592|1445|3160|1928</HistCounts>
      </HistItem>
    </Histograms>
    <Metadata>
      <MDI key="STATISTICS_MAXIMUM">4</MDI>
      <MDI key="STATISTICS_MEAN">2.1174432989691</MDI>
      <MDI key="STATISTICS_MINIMUM">1</MDI>
      <MDI key="STATISTICS_STDDEV">1.1593371992783</MDI>
      <MDI key="STATISTICS_VALID_PERCENT">67.03</MDI>
    </Metadata>
  </PAMRasterBand>
</PAMDataset>
