<PAMDataset>
  <PAMRasterBand band="1">
    <Histograms>
      <HistItem>
        <HistMin>0.625</HistMin>
        <HistMax>4.375</HistMax>
        <BucketCount>4</BucketCount>
        <IncludeOutOfRange>0</IncludeOutOfRange>
        <Approximate>0</Approximate>
        <HistCounts>4778|1935|2313|3099</HistCounts>
      </HistItem>
    </Histograms>
    <Metadata>
      <MDI key="STATISTICS_MAXIMUM">4</MDI>
      <MDI key="STATISTICS_MEAN">2.3078762886598</MDI>
      <MDI key="STATISTICS_MINIMUM">1</MDI>
      <MDI key="STATISTICS_STDDEV">1.2297916281277</MDI>
      <MDI key="STATISTICS_VALID_PERCENT">67.03</MDI>
    </Metadata>
  </PAMRasterBand>
</PAMDataset>
